"Date","Price","Open","High","Low","Vol.","Change %"
"Jan 10, 2021","375.70","377.85","381.13","373.70","306.18M","-1.46%"
"Jan 03, 2021","381.26","375.31","381.49","364.82","425.08M","1.97%"
"Dec 27, 2020","373.88","371.74","374.66","370.83","220.66M","1.32%"
"Dec 20, 2020","369.00","364.97","378.46","362.03","217.43M","-0.05%"
"Dec 13, 2020","369.18","368.64","372.46","364.47","392.37M","0.79%"
"Dec 06, 2020","366.30","369.02","371.05","363.26","280.94M","-0.96%"
"Nov 29, 2020","369.85","362.83","369.85","359.17","317.94M","1.70%"
"Nov 22, 2020","363.67","357.28","364.18","354.86","199.49M","2.35%"
"Nov 15, 2020","355.33","360.98","362.78","354.15","341.60M","-0.77%"
"Nov 08, 2020","358.10","363.97","364.38","350.51","447.58M","2.27%"
"Nov 01, 2020","350.16","330.20","352.19","327.24","463.34M","7.23%"
"Oct 25, 2020","326.54","342.13","342.98","322.60","495.61M","-5.56%"
"Oct 18, 2020","345.78","348.65","349.33","340.65","296.60M","-0.43%"
"Oct 11, 2020","347.29","349.59","354.02","343.13","361.46M","0.13%"
"Oct 04, 2020","346.85","336.06","347.35","334.38","297.61M","3.90%"
"Sep 27, 2020","333.84","333.22","338.74","331.19","398.33M","1.55%"
"Sep 20, 2020","328.73","325.70","331.20","319.80","403.93M","-0.58%"
"Sep 13, 2020","330.65","337.49","343.06","327.97","398.14M","-1.02%"
"Sep 06, 2020","334.06","336.71","342.64","331.00","381.18M","-2.48%"
"Aug 30, 2020","342.57","350.35","358.75","334.87","477.81M","-2.28%"
"Aug 23, 2020","350.58","342.12","350.72","339.45","244.46M","3.27%"
"Aug 16, 2020","339.48","337.94","339.72","335.22","239.58M","0.78%"
"Aug 09, 2020","336.84","335.06","338.28","332.01","256.79M","0.68%"
"Aug 02, 2020","334.57","328.32","334.88","327.73","238.85M","2.47%"
"Jul 26, 2020","326.52","321.63","326.63","319.64","301.32M","1.76%"
"Jul 19, 2020","320.88","321.43","327.23","319.25","321.10M","-0.26%"
"Jul 12, 2020","321.72","320.13","323.04","312.00","401.25M","1.30%"
"Jul 05, 2020","317.59","316.37","317.88","310.68","340.17M","1.72%"
"Jun 28, 2020","312.23","301.41","315.70","298.93","334.91M","4.06%"
"Jun 21, 2020","300.05","307.99","314.50","299.42","493.36M","-2.78%"
"Jun 14, 2020","308.64","298.02","315.64","296.74","573.19M","1.46%"
"Jun 07, 2020","304.21","320.22","323.41","298.60","650.04M","-4.74%"
"May 31, 2020","319.34","303.62","321.27","303.06","449.93M","4.94%"
"May 24, 2020","304.32","301.93","306.84","295.46","403.80M","3.01%"
"May 17, 2020","295.44","293.05","297.87","291.95","443.62M","3.20%"
"May 10, 2020","286.28","290.34","294.24","272.99","553.23M","-2.11%"
"May 03, 2020","292.44","280.74","292.95","279.13","385.95M","3.41%"
"Apr 26, 2020","282.79","285.12","294.88","281.52","549.99M","-0.06%"
"Apr 19, 2020","282.97","282.61","286.79","272.02","509.90M","-1.28%"
"Apr 12, 2020","286.64","277.14","287.30","271.41","649.24M","3.03%"
"Apr 05, 2020","278.20","257.84","281.20","248.17","733.55M","12.09%"
"Mar 29, 2020","248.19","255.70","263.33","243.90","868.62M","-2.06%"
"Mar 22, 2020","253.42","228.19","262.80","218.26","1.34B","10.76%"
"Mar 15, 2020","228.80","241.18","256.90","228.02","1.52B","-15.05%"
"Mar 08, 2020","269.32","275.30","288.52","247.68","1.56B","-9.46%"
"Mar 01, 2020","297.46","298.21","313.84","290.23","1.13B","0.41%"
"Feb 23, 2020","296.26","323.14","333.56","285.54","1.24B","-11.16%"
"Feb 16, 2020","333.48","336.51","339.08","332.58","294.11M","-1.22%"
"Feb 09, 2020","337.60","331.23","338.12","331.19","260.01M","1.63%"
"Feb 02, 2020","332.20","323.35","334.19","323.22","312.27M","3.25%"
"Jan 26, 2020","321.73","323.03","328.63","320.73","391.28M","-2.14%"
"Jan 19, 2020","328.77","330.90","332.95","327.36","266.20M","-0.96%"
"Jan 12, 2020","331.95","326.39","332.18","325.92","332.25M","1.92%"
"Jan 05, 2020","325.71","320.49","327.46","320.36","268.68M","1.02%"
"Dec 29, 2019","322.41","322.95","324.89","320.15","243.93M","-0.14%"
"Dec 22, 2019","322.86","321.59","323.80","320.90","146.86M","0.66%"
"Dec 15, 2019","320.73","319.22","321.97","317.25","426.89M","1.07%"
"Dec 08, 2019","317.32","314.44","318.67","312.81","319.66M","0.78%"
"Dec 01, 2019","314.87","314.59","315.31","307.13","290.21M","0.18%"
"Nov 24, 2019","314.31","311.98","315.48","311.98","167.88M","1.08%"
"Nov 17, 2019","310.96","311.53","312.69","309.06","296.47M","-0.27%"
"Nov 10, 2019","311.79","307.42","311.84","307.27","251.59M","0.92%"
"Nov 03, 2019","308.94","307.85","309.65","306.06","253.37M","0.91%"
"Oct 27, 2019","306.14","302.94","306.19","301.73","276.27M","1.51%"
"Oct 20, 2019","301.60","299.42","302.20","298.50","204.64M","1.22%"
"Oct 13, 2019","297.97","295.93","300.24","295.57","250.07M","0.57%"
"Oct 06, 2019","296.28","293.47","298.74","288.49","386.42M","0.66%"
"Sep 29, 2019","294.35","295.97","298.45","284.82","419.59M","-0.36%"
"Sep 22, 2019","295.40","297.55","299.84","293.69","361.85M","-0.97%"
"Sep 15, 2019","298.28","299.84","302.63","297.41","350.84M","-0.93%"
"Sep 08, 2019","301.09","299.14","302.46","295.97","313.04M","1.02%"
"Sep 01, 2019","298.05","290.57","298.83","289.27","249.18M","1.91%"
"Aug 25, 2019","292.45","287.27","294.24","285.25","321.70M","2.67%"
"Aug 18, 2019","284.85","292.19","293.93","283.47","356.07M","-1.38%"
"Aug 11, 2019","288.85","289.96","294.15","282.39","483.70M","-0.95%"
"Aug 04, 2019","291.62","288.09","293.62","281.72","621.47M","-0.34%"
"Jul 28, 2019","292.62","301.88","301.93","290.90","447.62M","-3.11%"
"Jul 21, 2019","302.01","297.61","302.23","297.04","236.04M","1.63%"
"Jul 14, 2019","297.17","301.13","301.13","296.70","241.36M","-1.16%"
"Jul 07, 2019","300.65","297.01","300.73","295.48","236.78M","0.73%"
"Jun 30, 2019","298.46","296.68","298.82","294.33","233.19M","1.86%"
"Jun 23, 2019","293.00","294.23","294.58","290.35","280.90M","-0.34%"
"Jun 16, 2019","294.00","289.52","296.31","289.18","403.19M","1.64%"
"Jun 09, 2019","289.26","289.37","291.40","287.81","267.81M","0.56%"
"Jun 02, 2019","287.65","275.31","288.85","273.09","388.53M","4.50%"
"May 26, 2019","275.27","283.09","284.15","275.24","324.39M","-2.66%"
"May 19, 2019","282.78","284.06","286.93","280.57","313.21M","-1.07%"
"May 12, 2019","285.84","282.42","289.21","279.93","455.35M","-0.78%"
"May 05, 2019","288.10","289.25","293.31","282.30","559.40M","-2.02%"
"Apr 28, 2019","294.03","293.51","294.95","289.52","331.56M","0.21%"
"Apr 21, 2019","293.41","289.17","293.49","289.07","251.49M","1.17%"
"Apr 14, 2019","290.02","290.24","291.43","288.66","228.73M","-0.05%"
"Apr 07, 2019","290.16","288.10","290.47","286.70","297.13M","0.55%"
"Mar 31, 2019","288.57","284.70","288.63","284.40","293.55M","2.16%"
"Mar 24, 2019","282.48","278.87","282.84","277.64","364.35M","1.16%"
"Mar 17, 2019","279.25","281.55","285.18","279.18","439.29M","-0.73%"
"Mar 10, 2019","281.31","275.26","282.38","275.23","374.23M","2.50%"
"Mar 03, 2019","274.46","281.60","281.87","272.42","421.33M","-2.13%"
"Feb 24, 2019","280.42","280.73","281.31","277.48","330.95M","0.46%"
"Feb 17, 2019","279.14","276.48","279.36","276.35","278.06M","0.64%"
"Feb 10, 2019","277.37","271.20","277.41","270.03","385.89M","2.55%"
"Feb 03, 2019","270.47","270.11","273.44","267.83","369.92M","0.15%"
"Jan 27, 2019","270.06","263.39","271.20","261.79","434.02M","1.61%"
"Jan 20, 2019","265.78","264.82","266.70","260.66","357.65M","-0.26%"
"Jan 13, 2019","266.46","256.86","266.98","256.41","457.77M","2.89%"
"Jan 06, 2019","258.98","252.69","259.16","251.69","471.34M","2.61%"
"Dec 30, 2018","252.39","249.56","253.11","243.67","557.99M","1.87%"
"Dec 23, 2018","247.75","239.04","251.40","233.76","705.16M","2.93%"
"Dec 16, 2018","240.70","259.40","260.65","239.98","1.02B","-7.59%"
"Dec 09, 2018","260.47","263.37","269.00","258.62","584.55M","-1.18%"
"Dec 02, 2018","263.57","280.28","280.40","262.44","646.21M","-4.38%"
"Nov 25, 2018","275.65","265.78","276.28","265.34","463.66M","4.71%"
"Nov 18, 2018","263.25","273.05","273.38","263.07","357.45M","-3.83%"
"Nov 11, 2018","273.73","277.19","277.46","267.01","584.96M","-1.45%"
"Nov 04, 2018","277.76","272.44","281.22","271.35","392.86M","2.16%"
"Oct 28, 2018","271.89","268.80","275.23","259.85","668.29M","2.47%"
"Oct 21, 2018","265.33","277.00","277.36","262.29","746.21M","-3.95%"
"Oct 14, 2018","276.25","275.55","281.15","274.30","605.60M","0.11%"
"Oct 07, 2018","275.95","287.05","288.86","270.36","834.84M","-4.12%"
"Sep 30, 2018","287.82","292.11","293.21","286.22","391.53M","-1.00%"
"Sep 23, 2018","290.72","291.34","292.24","289.41","306.86M","-0.43%"
"Sep 16, 2018","291.99","290.82","293.94","289.03","385.10M","0.38%"
"Sep 09, 2018","290.88","288.74","291.27","286.98","266.67M","1.14%"
"Sep 02, 2018","287.60","289.84","290.21","286.71","269.48M","-0.93%"
"Aug 26, 2018","290.31","288.86","291.74","288.68","292.87M","0.97%"
"Aug 19, 2018","287.51","285.57","287.67","285.06","258.77M","0.86%"
"Aug 12, 2018","285.06","283.47","285.56","280.16","348.09M","0.67%"
"Aug 05, 2018","283.16","283.64","286.01","282.36","237.51M","-0.16%"
"Jul 29, 2018","283.60","281.51","283.66","279.16","303.53M","0.77%"
"Jul 22, 2018","281.42","279.45","284.37","279.06","328.66M","0.62%"
"Jul 15, 2018","279.68","279.64","281.18","278.41","288.89M","0.03%"
"Jul 08, 2018","279.59","276.55","279.93","276.50","287.93M","1.51%"
"Jul 01, 2018","275.42","269.51","275.84","269.24","229.16M","1.53%"
"Jun 24, 2018","271.28","273.44","273.87","268.49","485.89M","-1.26%"
"Jun 17, 2018","274.74","275.49","276.72","273.53","331.91M","-0.86%"
"Jun 10, 2018","277.13","278.44","279.48","275.35","407.43M","-0.38%"
"Jun 03, 2018","278.19","274.53","278.28","274.18","304.36M","1.68%"
"May 27, 2018","273.60","270.31","273.94","267.76","350.37M","0.53%"
"May 20, 2018","272.15","273.01","274.25","270.78","308.10M","0.30%"
"May 13, 2018","271.33","273.34","274.08","270.03","316.67M","-0.56%"
"May 06, 2018","272.85","266.89","273.15","265.15","314.41M","2.57%"
"Apr 29, 2018","266.02","267.26","267.89","259.05","470.29M","-0.20%"
"Apr 22, 2018","266.56","267.26","267.98","260.85","407.07M","-0.02%"
"Apr 15, 2018","266.61","267.00","271.30","265.61","363.00M","0.55%"
"Apr 08, 2018","265.15","261.37","267.54","259.94","456.13M","2.09%"
"Apr 01, 2018","259.72","262.55","266.64","254.67","692.13M","-1.30%"
"Mar 25, 2018","263.15","262.13","266.77","258.58","542.59M","1.98%"
"Mar 18, 2018","258.05","273.35","274.40","257.83","580.00M","-5.89%"
"Mar 11, 2018","274.20","279.20","280.41","274.14","453.57M","-1.67%"
"Mar 04, 2018","278.87","267.73","278.87","267.61","444.11M","3.64%"
"Feb 25, 2018","269.08","275.93","278.92","264.82","623.44M","-2.05%"
"Feb 18, 2018","274.71","272.03","274.72","269.64","388.53M","0.59%"
"Feb 11, 2018","273.11","263.83","275.32","261.66","617.32M","4.44%"
"Feb 04, 2018","261.50","273.45","275.85","252.92","1.35B","-5.06%"
"Jan 28, 2018","275.45","285.93","286.43","275.41","604.14M","-3.88%"
"Jan 21, 2018","286.58","280.17","286.63","280.11","515.55M","2.20%"
"Jan 14, 2018","280.41","279.35","280.41","276.18","461.46M","0.90%"
"Jan 07, 2018","277.92","273.31","278.11","272.92","337.32M","1.65%"
"Dec 31, 2017","273.42","267.84","273.56","267.40","340.89M","2.46%"
"Dec 24, 2017","266.86","267.05","268.55","266.64","244.12M","-0.24%"
"Dec 17, 2017","267.51","268.10","268.60","266.69","388.54M","0.38%"
"Dec 10, 2017","266.51","265.58","267.56","265.39","516.46M","0.38%"
"Dec 03, 2017","265.51","266.31","266.80","262.71","401.72M","0.40%"
"Nov 26, 2017","264.46","260.41","266.05","260.00","521.04M","1.57%"
"Nov 19, 2017","260.36","258.14","260.48","257.86","190.14M","0.97%"
"Nov 12, 2017","257.86","257.31","259.04","255.63","335.89M","-0.09%"
"Nov 05, 2017","258.09","258.30","259.35","256.36","312.69M","-0.14%"
"Oct 29, 2017","258.45","257.07","258.50","256.19","284.83M","0.29%"
"Oct 22, 2017","257.71","257.48","257.89","254.00","389.93M","0.23%"
"Oct 15, 2017","257.11","255.21","257.14","254.35","261.75M","0.85%"
"Oct 08, 2017","254.95","254.63","255.27","253.65","228.40M","0.23%"
"Oct 01, 2017","254.37","251.49","254.70","251.29","325.96M","1.25%"
"Sep 24, 2017","251.23","249.15","251.32","248.08","322.50M","0.72%"
"Sep 17, 2017","249.44","249.61","250.19","248.92","252.34M","0.10%"
"Sep 10, 2017","249.19","248.04","250.32","248.02","378.37M","1.06%"
"Sep 03, 2017","246.58","247.26","247.52","244.95","271.18M","-0.51%"
"Aug 27, 2017","247.84","245.17","248.33","242.93","319.54M","1.34%"
"Aug 20, 2017","244.56","242.64","245.62","241.83","294.00M","0.76%"
"Aug 13, 2017","242.71","245.59","247.57","242.20","450.49M","-0.58%"
"Aug 06, 2017","244.12","247.49","248.91","243.70","351.70M","-1.33%"
"Jul 30, 2017","247.41","247.37","247.79","246.37","269.15M","0.20%"
"Jul 23, 2017","246.91","246.79","248.00","245.68","269.97M","0.01%"
"Jul 16, 2017","246.88","245.47","247.42","244.67","263.15M","0.54%"
"Jul 09, 2017","245.56","241.95","245.97","240.85","246.36M","1.42%"
"Jul 02, 2017","242.11","242.88","243.38","240.34","217.67M","0.13%"
"Jun 25, 2017","241.80","243.90","244.38","239.96","402.76M","-0.55%"
"Jun 18, 2017","243.13","243.59","244.73","242.41","289.14M","0.20%"
"Jun 11, 2017","242.64","243.13","244.87","241.63","375.80M","-0.32%"
"Jun 04, 2017","243.41","243.97","245.01","241.95","347.43M","-0.31%"
"May 28, 2017","244.17","241.34","244.35","240.64","284.63M","1.02%"
"May 21, 2017","241.71","238.90","242.08","238.82","269.23M","1.43%"
"May 14, 2017","238.31","239.47","240.67","235.43","507.39M","-0.28%"
"May 07, 2017","238.98","239.75","240.19","238.13","270.31M","-0.30%"
"Apr 30, 2017","239.70","238.68","239.72","237.70","320.86M","0.68%"
"Apr 23, 2017","238.08","237.18","239.53","234.56","401.55M","1.49%"
"Apr 16, 2017","234.59","233.11","235.84","232.88","423.29M","0.89%"
"Apr 09, 2017","232.51","235.36","236.25","232.51","330.41M","-1.14%"
"Apr 02, 2017","235.20","235.80","237.39","233.91","394.36M","-0.23%"
"Mar 26, 2017","235.74","231.93","236.52","231.61","373.36M","0.80%"
"Mar 19, 2017","233.86","237.03","237.61","232.96","494.83M","-1.34%"
"Mar 12, 2017","237.03","237.62","239.44","236.19","380.57M","-0.28%"
"Mar 05, 2017","237.69","237.50","238.12","235.74","371.34M","-0.31%"
"Feb 26, 2017","238.42","236.64","240.32","236.01","454.86M","0.71%"
"Feb 19, 2017","236.74","235.52","236.90","235.41","308.06M","0.70%"
"Feb 12, 2017","235.09","232.08","235.16","232.05","375.00M","1.55%"
"Feb 05, 2017","231.51","228.87","231.77","228.31","299.26M","0.95%"
"Jan 29, 2017","229.34","228.17","229.55","226.32","384.96M","0.16%"
"Jan 22, 2017","228.97","226.35","229.71","225.27","374.74M","0.98%"
"Jan 15, 2017","226.74","226.31","227.31","225.41","311.81M","-0.14%"
"Jan 08, 2017","227.05","226.91","227.45","224.96","320.19M","-0.07%"
"Jan 01, 2017","227.21","225.04","227.75","223.88","320.05M","1.65%"
"Dec 25, 2016","223.53","226.02","226.73","222.73","264.46M","-0.97%"
"Dec 18, 2016","225.71","225.25","226.57","224.92","341.01M","0.30%"
"Dec 11, 2016","225.04","226.40","228.34","224.67","636.39M","-0.65%"
"Dec 04, 2016","226.51","220.65","226.53","220.42","426.17M","3.11%"
"Nov 27, 2016","219.68","221.16","221.82","219.15","413.63M","-0.83%"
"Nov 20, 2016","221.52","219.17","221.56","219.00","234.32M","1.38%"
"Nov 13, 2016","218.50","217.03","219.27","215.72","407.91M","0.96%"
"Nov 06, 2016","216.42","211.45","218.31","211.30","747.66M","3.77%"
"Oct 30, 2016","208.55","212.93","213.19","208.38","485.45M","-1.88%"
"Oct 23, 2016","212.54","215.00","215.32","211.71","420.24M","-0.67%"
"Oct 16, 2016","213.98","213.09","214.64","212.17","364.39M","0.40%"
"Oct 09, 2016","213.12","216.16","216.70","211.21","450.79M","-0.89%"
"Oct 02, 2016","215.04","215.82","216.30","213.99","428.99M","-0.58%"
"Sep 25, 2016","216.30","215.02","217.12","213.62","501.01M","0.14%"
"Sep 18, 2016","215.99","214.13","217.53","213.03","410.51M","1.23%"
"Sep 11, 2016","213.37","212.39","216.81","212.31","786.10M","0.04%"
"Sep 04, 2016","213.28","218.70","219.22","213.25","428.95M","-2.33%"
"Aug 28, 2016","218.37","217.44","218.87","216.03","391.02M","0.50%"
"Aug 21, 2016","217.29","218.26","219.60","216.25","378.23M","-0.57%"
"Aug 14, 2016","218.54","218.89","219.50","217.02","306.59M","0.04%"
"Aug 07, 2016","218.46","218.40","218.94","217.23","282.92M","0.13%"
"Jul 31, 2016","218.18","217.19","218.23","214.25","338.08M","0.49%"
"Jul 24, 2016","217.12","217.00","217.54","215.62","354.59M","-0.06%"
"Jul 17, 2016","217.24","215.97","217.37","215.63","301.80M","0.65%"
"Jul 10, 2016","215.83","213.19","217.01","212.95","460.62M","1.50%"
"Jul 03, 2016","212.65","208.95","212.94","207.06","425.39M","1.30%"
"Jun 26, 2016","209.92","201.59","210.49","198.65","816.78M","3.34%"
"Jun 19, 2016","203.13","208.82","210.87","202.72","686.99M","-1.64%"
"Jun 12, 2016","206.52","209.36","210.37","205.59","618.52M","-1.69%"
"Jun 05, 2016","210.07","210.70","212.52","209.43","379.65M","-0.10%"
"May 29, 2016","210.28","210.56","210.93","208.86","344.62M","0.02%"
"May 22, 2016","210.24","205.51","210.25","204.99","350.93M","2.31%"
"May 15, 2016","205.49","204.96","207.34","202.78","536.33M","0.36%"
"May 08, 2016","204.76","205.57","208.54","204.38","419.64M","-0.47%"
"May 01, 2016","205.72","206.92","208.18","203.88","417.79M","-0.30%"
"Apr 24, 2016","206.33","208.26","209.81","205.03","459.00M","-1.26%"
"Apr 17, 2016","208.97","207.14","210.92","207.00","436.89M","0.57%"
"Apr 10, 2016","207.78","205.25","208.60","203.70","436.42M","1.60%"
"Apr 03, 2016","204.50","206.83","207.07","203.09","463.90M","-1.17%"
"Mar 27, 2016","206.92","203.61","207.14","202.40","450.70M","1.87%"
"Mar 20, 2016","203.12","204.07","205.23","201.74","335.81M","-0.62%"
"Mar 13, 2016","204.38","202.16","205.23","201.05","568.74M","0.80%"
"Mar 06, 2016","202.76","199.34","202.81","197.38","613.80M","1.16%"
"Feb 28, 2016","200.43","195.11","201.35","193.33","594.60M","2.74%"
"Feb 21, 2016","195.09","193.87","196.68","189.32","606.47M","1.61%"
"Feb 14, 2016","192.00","188.77","193.32","187.63","473.40M","2.88%"
"Feb 07, 2016","186.63","185.77","188.34","181.09","870.95M","-0.70%"
"Jan 31, 2016","187.95","192.53","194.58","187.10","844.00M","-2.98%"
"Jan 24, 2016","193.72","189.92","193.88","187.06","811.42M","1.68%"
"Jan 17, 2016","190.52","189.96","190.76","181.02","845.88M","1.44%"
"Jan 10, 2016","187.81","193.01","194.86","185.52","1.15B","-2.14%"
"Jan 03, 2016","191.92","200.49","201.90","191.58","908.57M","-5.86%"
"Dec 27, 2015","203.87","204.86","207.79","203.87","336.74M","-0.88%"
"Dec 20, 2015","205.68","201.41","206.33","200.09","369.65M","2.83%"
"Dec 13, 2015","200.02","202.07","208.48","199.83","957.96M","-0.92%"
"Dec 06, 2015","201.88","209.23","209.73","201.51","695.10M","-3.69%"
"Nov 29, 2015","209.62","209.75","211.00","204.75","678.26M","0.03%"
"Nov 22, 2015","209.56","209.38","209.98","207.41","253.10M","0.12%"
"Nov 15, 2015","209.31","202.32","210.12","202.18","542.34M","3.34%"
"Nov 08, 2015","202.54","209.31","209.49","202.44","549.62M","-3.57%"
"Nov 01, 2015","210.04","208.32","211.66","208.17","466.62M","1.01%"
"Oct 25, 2015","207.93","207.30","209.44","205.79","504.45M","0.20%"
"Oct 18, 2015","207.51","202.50","207.95","201.65","576.36M","2.09%"
"Oct 11, 2015","203.27","201.42","203.29","198.94","492.26M","0.96%"
"Oct 04, 2015","201.33","196.46","201.90","196.33","621.03M","3.25%"
"Sep 27, 2015","195.00","191.78","195.03","186.93","843.10M","1.11%"
"Sep 20, 2015","192.85","196.44","197.68","190.56","666.84M","-1.33%"
"Sep 13, 2015","195.45","196.95","202.89","194.96","792.54M","-0.66%"
"Sep 06, 2015","196.74","195.94","199.47","194.25","543.68M","2.15%"
"Aug 30, 2015","192.59","198.11","199.12","190.73","938.74M","-3.36%"
"Aug 23, 2015","199.28","187.49","199.84","182.40","1.65B","0.73%"
"Aug 16, 2015","197.83","208.71","210.68","197.52","864.63M","-5.53%"
"Aug 09, 2015","209.42","209.28","210.67","205.36","540.65M","0.71%"
"Aug 02, 2015","207.95","210.46","211.31","206.87","515.46M","-1.21%"
"Jul 26, 2015","210.50","206.94","211.45","206.26","556.27M","1.20%"
"Jul 19, 2015","208.00","212.75","213.18","207.60","445.34M","-2.11%"
"Jul 12, 2015","212.48","208.99","212.55","208.94","481.41M","2.41%"
"Jul 05, 2015","207.48","205.77","208.17","204.11","729.39M","0.08%"
"Jun 28, 2015","207.31","208.04","209.83","205.28","625.90M","-1.20%"
"Jun 21, 2015","209.82","211.91","212.59","209.16","432.76M","-0.47%"
"Jun 14, 2015","210.81","208.64","213.34","207.79","632.75M","0.38%"
"Jun 07, 2015","210.01","209.64","212.09","207.69","537.91M","0.11%"
"May 31, 2015","209.77","211.94","212.67","208.98","546.28M","-0.65%"
"May 24, 2015","211.14","212.40","212.98","210.20","417.42M","-0.87%"
"May 17, 2015","212.99","212.24","213.78","212.16","345.72M","0.26%"
"May 10, 2015","212.44","211.57","212.61","208.62","462.55M","0.39%"
"May 03, 2015","211.62","211.23","212.02","206.76","563.44M","0.43%"
"Apr 26, 2015","210.72","212.33","212.48","207.62","556.61M","-0.44%"
"Apr 19, 2015","211.65","209.06","211.97","208.90","406.93M","1.78%"
"Apr 12, 2015","207.95","209.87","211.04","207.01","509.11M","-1.00%"
"Apr 05, 2015","210.04","205.37","210.09","205.21","443.23M","1.74%"
"Mar 29, 2015","206.44","206.98","208.61","204.51","447.15M","0.34%"
"Mar 22, 2015","205.74","210.42","211.11","204.12","581.12M","-2.22%"
"Mar 15, 2015","210.41","206.71","211.27","205.86","755.05M","2.23%"
"Mar 08, 2015","205.83","207.74","208.79","204.40","613.49M","-0.80%"
"Mar 01, 2015","207.50","210.78","212.06","207.10","577.32M","-1.50%"
"Feb 22, 2015","210.66","210.94","212.24","210.48","400.72M","-0.27%"
"Feb 15, 2015","211.24","209.40","211.33","208.73","389.98M","0.70%"
"Feb 08, 2015","209.78","204.77","209.84","204.13","465.69M","2.06%"
"Feb 01, 2015","205.55","200.05","207.24","197.86","645.25M","3.06%"
"Jan 25, 2015","199.45","204.71","205.56","198.68","765.88M","-2.69%"
"Jan 18, 2015","204.97","202.40","206.26","200.17","545.81M","1.66%"
"Jan 11, 2015","201.63","204.41","205.48","198.55","940.43M","-1.28%"
"Jan 04, 2015","204.25","204.17","206.42","198.85","809.92M","-0.57%"
"Dec 28, 2014","205.43","208.22","208.97","204.18","404.98M","-1.44%"
"Dec 21, 2014","208.44","206.75","208.85","206.46","370.78M","0.93%"
"Dec 14, 2014","206.52","201.98","212.97","197.86","1.21B","2.80%"
"Dec 07, 2014","200.89","207.52","208.12","200.85","754.97M","-3.42%"
"Nov 30, 2014","208.00","206.40","208.47","205.38","429.77M","0.39%"
"Nov 23, 2014","207.20","207.17","207.87","206.80","265.05M","0.25%"
"Nov 16, 2014","206.68","203.85","207.84","203.65","454.05M","1.19%"
"Nov 09, 2014","204.24","203.38","204.83","203.13","376.71M","0.44%"
"Nov 02, 2014","203.34","201.92","203.60","200.06","475.41M","0.83%"
"Oct 26, 2014","201.66","195.73","201.82","195.03","592.48M","2.66%"
"Oct 19, 2014","196.43","188.13","196.49","188.07","709.65M","4.22%"
"Oct 12, 2014","188.47","190.46","191.15","181.92","1.31B","-1.09%"
"Oct 05, 2014","190.54","197.34","197.60","190.49","871.77M","-3.04%"
"Sep 28, 2014","196.52","196.20","198.30","192.35","683.07M","-0.70%"
"Sep 21, 2014","197.90","200.35","200.38","196.27","598.07M","-1.40%"
"Sep 14, 2014","200.70","199.16","201.90","198.38","560.51M","0.79%"
"Sep 07, 2014","199.13","200.92","201.21","198.56","404.29M","-0.98%"
"Aug 31, 2014","201.11","200.97","201.58","199.41","317.30M","0.20%"
"Aug 24, 2014","200.71","200.14","200.82","199.15","283.26M","0.76%"
"Aug 17, 2014","199.19","196.80","199.76","196.69","351.22M","1.77%"
"Aug 10, 2014","195.72","193.97","196.65","192.94","414.54M","1.28%"
"Aug 03, 2014","193.24","192.87","194.30","190.55","591.60M","0.38%"
"Jul 27, 2014","192.50","197.76","198.45","191.57","626.69M","-2.64%"
"Jul 20, 2014","197.72","197.09","199.06","196.43","334.61M","0.01%"
"Jul 13, 2014","197.71","197.61","198.26","195.43","519.81M","0.56%"
"Jul 06, 2014","196.61","197.82","197.98","195.06","406.12M","-0.80%"
"Jun 29, 2014","198.20","195.70","198.29","195.53","266.39M","1.22%"
"Jun 22, 2014","195.82","195.99","196.50","194.13","405.40M","-0.06%"
"Jun 15, 2014","195.94","193.89","196.60","193.66","464.04M","0.93%"
"Jun 08, 2014","194.13","195.35","196.05","193.11","379.39M","-0.64%"
"Jun 01, 2014","195.38","192.95","195.43","191.97","356.03M","1.40%"
"May 25, 2014","192.68","191.06","192.80","190.95","279.43M","1.22%"
"May 18, 2014","190.35","187.69","190.48","187.07","386.28M","1.22%"
"May 11, 2014","188.05","188.80","190.42","186.48","478.17M","0.05%"
"May 04, 2014","187.96","187.14","189.05","186.01","445.13M","-0.05%"
"Apr 27, 2014","188.06","187.05","189.14","184.96","511.87M","0.95%"
"Apr 20, 2014","186.29","186.44","188.40","185.87","416.54M","-0.05%"
"Apr 13, 2014","186.39","182.93","186.91","181.44","499.93M","2.69%"
"Apr 06, 2014","181.51","185.95","187.17","181.31","693.93M","-2.62%"
"Mar 30, 2014","186.40","186.67","189.70","185.52","514.53M","0.49%"
"Mar 23, 2014","185.49","186.84","187.34","183.90","589.13M","-0.38%"
"Mar 16, 2014","186.20","185.59","189.02","185.47","656.80M","0.83%"
"Mar 09, 2014","184.66","187.97","188.71","184.44","587.71M","-1.91%"
"Mar 02, 2014","188.26","184.65","188.96","183.75","620.70M","1.06%"
"Feb 23, 2014","186.29","184.28","187.15","184.20","574.55M","1.31%"
"Feb 16, 2014","183.89","184.18","184.95","182.60","430.10M","-0.07%"
"Feb 09, 2014","184.02","179.70","184.36","179.21","501.79M","2.42%"
"Feb 02, 2014","179.68","177.97","179.87","173.71","887.74M","0.84%"
"Jan 26, 2014","178.18","179.06","179.81","176.88","821.52M","-0.40%"
"Jan 19, 2014","178.89","184.70","184.77","178.83","491.07M","-2.58%"
"Jan 12, 2014","183.63","183.67","184.94","181.34","533.57M","-0.28%"
"Jan 05, 2014","184.14","183.49","184.22","182.08","483.46M","0.69%"
"Dec 29, 2013","182.88","183.87","184.69","182.48","344.13M","-0.52%"
"Dec 22, 2013","183.84","182.45","184.18","182.06","256.15M","1.26%"
"Dec 15, 2013","181.56","178.95","181.99","177.32","754.37M","1.94%"
"Dec 08, 2013","178.11","181.47","181.67","177.76","505.06M","-1.56%"
"Dec 01, 2013","180.94","181.09","181.43","178.35","573.98M","-0.03%"
"Nov 24, 2013","181.00","181.13","181.75","180.37","281.15M","0.11%"
"Nov 17, 2013","180.81","180.35","180.83","177.98","497.73M","0.42%"
"Nov 10, 2013","180.05","177.12","180.12","176.09","456.70M","1.56%"
"Nov 03, 2013","177.29","176.69","177.64","174.76","552.56M","0.61%"
"Oct 27, 2013","176.21","175.89","177.51","175.22","588.98M","0.15%"
"Oct 20, 2013","175.95","174.45","176.00","173.96","500.23M","0.89%"
"Oct 13, 2013","174.39","169.21","174.51","169.08","696.97M","2.43%"
"Oct 06, 2013","170.26","167.42","170.32","164.53","744.28M","0.81%"
"Sep 29, 2013","168.89","167.48","169.50","166.84","658.02M","-0.01%"
"Sep 22, 2013","168.91","170.49","170.65","168.47","504.54M","-1.06%"
"Sep 15, 2013","170.72","171.16","173.60","170.04","691.66M","0.82%"
"Sep 08, 2013","169.33","166.45","169.56","166.45","443.89M","1.98%"
"Sep 01, 2013","166.04","165.23","166.98","163.70","462.61M","1.46%"
"Aug 25, 2013","163.65","166.79","167.30","163.05","610.57M","-1.78%"
"Aug 18, 2013","166.62","165.64","166.83","164.19","537.63M","0.48%"
"Aug 11, 2013","165.83","168.46","169.90","165.50","513.03M","-2.06%"
"Aug 04, 2013","169.31","170.57","170.96","168.55","420.46M","-0.96%"
"Jul 28, 2013","170.95","168.68","170.97","168.11","509.01M","1.09%"
"Jul 21, 2013","169.11","169.41","169.86","167.52","492.14M","-0.04%"
"Jul 14, 2013","169.17","167.97","169.27","167.07","458.48M","0.99%"
"Jul 07, 2013","167.51","163.86","167.93","163.08","588.61M","2.75%"
"Jun 30, 2013","163.02","161.26","163.08","160.22","484.45M","1.62%"
"Jun 23, 2013","160.42","157.41","161.82","155.73","809.33M","0.85%"
"Jun 16, 2013","159.07","164.29","165.99","157.47","1.05B","-2.52%"
"Jun 09, 2013","163.18","165.31","165.40","161.30","747.32M","-0.98%"
"Jun 02, 2013","164.80","163.83","165.10","160.25","926.32M","0.83%"
"May 26, 2013","163.44","167.04","167.78","163.13","588.69M","-1.13%"
"May 19, 2013","165.31","166.78","169.07","163.94","787.55M","-0.98%"
"May 12, 2013","166.94","163.20","167.04","162.82","561.28M","2.16%"
"May 05, 2013","163.41","161.49","163.70","161.42","464.60M","1.26%"
"Apr 28, 2013","161.37","158.67","161.88","158.10","584.07M","1.98%"
"Apr 21, 2013","158.24","155.78","159.27","154.75","596.46M","1.78%"
"Apr 14, 2013","155.48","158.00","158.13","153.55","908.87M","-2.09%"
"Apr 07, 2013","158.80","155.27","159.71","154.75","550.71M","2.35%"
"Mar 31, 2013","155.16","156.59","157.21","153.77","646.42M","-0.96%"
"Mar 24, 2013","156.67","156.01","156.85","154.35","441.06M","0.69%"
"Mar 17, 2013","155.60","154.34","155.95","153.59","647.80M","-0.15%"
"Mar 10, 2013","155.83","155.32","156.80","155.13","546.98M","0.25%"
"Mar 03, 2013","155.44","151.76","155.65","151.52","524.73M","2.19%"
"Feb 24, 2013","152.11","152.63","152.87","148.73","880.70M","0.14%"
"Feb 17, 2013","151.89","152.37","153.28","149.94","545.29M","-0.14%"
"Feb 10, 2013","152.11","151.74","152.61","151.39","517.55M","0.20%"
"Feb 03, 2013","151.80","150.32","151.89","149.43","677.37M","0.37%"
"Jan 27, 2013","151.24","150.29","151.42","149.51","596.65M","0.66%"
"Jan 20, 2013","150.25","148.33","150.25","147.98","510.04M","1.29%"
"Jan 13, 2013","148.33","146.89","148.49","146.20","591.33M","0.86%"
"Jan 06, 2013","147.07","145.85","147.15","144.98","566.67M","0.48%"
"Dec 30, 2012","146.37","139.66","146.61","139.54","697.59M","4.53%"
"Dec 23, 2012","140.03","142.48","142.71","139.87","477.55M","-1.93%"
"Dec 16, 2012","142.79","142.47","145.58","141.94","886.76M","0.48%"
"Dec 09, 2012","142.11","142.21","144.55","141.88","670.71M","-0.21%"
"Dec 02, 2012","142.41","142.80","142.92","140.37","611.53M","0.18%"
"Nov 25, 2012","142.16","140.65","142.51","139.00","693.51M","0.57%"
"Nov 18, 2012","141.35","137.90","141.40","136.41","418.42M","3.65%"
"Nov 11, 2012","136.37","138.59","139.25","134.70","829.81M","-1.30%"
"Nov 04, 2012","138.16","141.35","143.52","137.55","852.32M","-2.40%"
"Oct 28, 2012","141.56","141.85","143.72","140.68","342.14M","0.15%"
"Oct 21, 2012","141.35","143.15","143.67","140.39","718.29M","-1.42%"
"Oct 14, 2012","143.39","143.23","146.52","142.77","679.09M","0.35%"
"Oct 07, 2012","142.89","145.60","146.12","142.58","599.32M","-2.22%"
"Sep 30, 2012","146.14","144.52","147.16","143.83","619.77M","1.51%"
"Sep 23, 2012","143.97","145.15","146.24","142.95","637.88M","-1.30%"
"Sep 16, 2012","145.87","146.94","147.19","145.63","608.82M","-0.93%"
"Sep 09, 2012","147.24","144.19","148.11","143.46","658.11M","2.02%"
"Sep 02, 2012","144.33","141.04","144.39","140.13","486.43M","2.25%"
"Aug 26, 2012","141.16","141.89","142.08","140.19","458.46M","-0.25%"
"Aug 19, 2012","141.51","141.98","143.09","140.22","528.03M","-0.47%"
"Aug 12, 2012","142.18","140.60","142.30","140.04","455.72M","0.95%"
"Aug 05, 2012","140.84","139.72","140.92","139.56","475.71M","1.07%"
"Jul 29, 2012","139.35","138.52","139.64","135.58","723.03M","0.48%"
"Jul 22, 2012","138.68","134.47","139.07","133.03","840.93M","1.62%"
"Jul 15, 2012","136.47","135.44","138.18","134.55","622.49M","0.53%"
"Jul 08, 2012","135.75","135.38","136.23","132.60","686.63M","0.19%"
"Jul 01, 2012","135.49","136.48","137.80","134.85","487.34M","-0.45%"
"Jun 24, 2012","136.10","132.05","136.27","130.85","777.59M","1.98%"
"Jun 17, 2012","133.46","133.58","136.25","132.33","810.52M","-0.51%"
"Jun 10, 2012","134.14","134.17","134.26","131.16","923.97M","0.78%"
"Jun 03, 2012","133.10","128.39","133.53","127.14","879.59M","3.85%"
"May 27, 2012","128.16","133.16","133.93","128.16","764.68M","-2.98%"
"May 20, 2012","132.10","130.16","133.23","129.95","883.17M","1.82%"
"May 13, 2012","129.74","134.31","135.61","129.55","1.15B","-4.33%"
"May 06, 2012","135.61","136.51","137.56","134.49","865.56M","-1.01%"
"Apr 29, 2012","137.00","140.11","141.66","136.92","712.70M","-2.41%"
"Apr 22, 2012","140.39","136.54","140.79","135.94","720.52M","1.77%"
"Apr 15, 2012","137.95","137.84","139.36","136.58","761.45M","0.59%"
"Apr 08, 2012","137.14","138.03","139.84","135.76","840.62M","-1.90%"
"Apr 01, 2012","139.79","140.64","142.21","139.26","591.88M","-0.72%"
"Mar 25, 2012","140.81","140.65","141.83","139.09","689.04M","0.83%"
"Mar 18, 2012","139.65","140.21","141.28","138.55","625.15M","-0.46%"
"Mar 11, 2012","140.30","137.55","140.78","137.09","751.27M","1.98%"
"Mar 04, 2012","137.57","137.10","137.93","134.36","726.39M","0.19%"
"Feb 26, 2012","137.31","136.02","138.19","135.80","726.68M","0.28%"
"Feb 19, 2012","136.93","136.73","137.20","135.50","501.74M","0.38%"
"Feb 12, 2012","136.41","135.32","136.63","134.25","793.47M","1.53%"
"Feb 05, 2012","134.36","133.98","135.59","133.64","699.09M","-0.13%"
"Jan 29, 2012","134.54","130.51","134.62","130.06","744.45M","2.06%"
"Jan 22, 2012","131.82","131.51","133.40","130.60","751.13M","-0.10%"
"Jan 15, 2012","131.95","130.08","131.95","128.90","560.16M","2.41%"
"Jan 08, 2012","128.84","128.00","129.70","127.41","625.17M","0.88%"
"Jan 01, 2012","127.71","127.76","128.38","126.43","642.83M","1.76%"
"Dec 25, 2011","125.50","126.17","126.82","124.73","424.29M","-0.70%"
"Dec 18, 2011","126.39","122.06","126.43","120.03","815.20M","3.95%"
"Dec 11, 2011","121.59","124.95","125.57","121.30","1.12B","-3.54%"
"Dec 04, 2011","126.05","126.84","127.26","123.65","1.09B","0.95%"
"Nov 27, 2011","124.86","119.54","126.50","118.82","1.13B","7.32%"
"Nov 20, 2011","116.34","120.20","120.35","116.20","770.20M","-4.62%"
"Nov 13, 2011","121.98","126.19","127.45","121.23","1.13B","-3.69%"
"Nov 06, 2011","126.66","125.39","128.02","122.86","1.18B","0.94%"
"Oct 30, 2011","125.48","127.16","128.62","121.52","1.43B","-2.43%"
"Oct 23, 2011","128.60","124.17","129.42","122.21","1.33B","3.73%"
"Oct 16, 2011","123.97","121.99","124.12","119.20","1.29B","1.14%"
"Oct 09, 2011","122.57","117.68","122.60","117.67","1.15B","5.93%"
"Oct 02, 2011","115.71","112.49","117.25","107.43","1.68B","2.26%"
"Sep 25, 2011","113.15","114.61","119.56","112.98","1.45B","-0.34%"
"Sep 18, 2011","113.54","119.53","121.99","111.30","1.60B","-6.57%"
"Sep 11, 2011","121.52","114.47","121.97","114.05","1.51B","4.83%"
"Sep 04, 2011","115.92","114.39","120.94","114.38","1.13B","-1.64%"
"Aug 28, 2011","117.85","119.56","123.51","117.43","1.24B","-0.10%"
"Aug 21, 2011","117.97","115.17","119.40","112.41","1.48B","4.73%"
"Aug 14, 2011","112.64","119.19","121.20","112.50","1.73B","-4.64%"
"Aug 07, 2011","118.12","116.91","120.12","110.27","2.88B","-1.63%"
"Jul 31, 2011","120.08","130.84","130.96","116.86","2.22B","-7.15%"
"Jul 24, 2011","129.33","133.30","134.49","127.97","1.03B","-3.90%"
"Jul 17, 2011","134.58","131.08","134.82","129.63","871.86M","2.19%"
"Jul 10, 2011","131.69","132.75","133.22","130.68","1.06B","-2.02%"
"Jul 03, 2011","134.40","133.78","135.70","133.11","673.90M","0.36%"
"Jun 26, 2011","133.92","126.89","134.10","126.64","1.00B","5.61%"
"Jun 19, 2011","126.81","126.62","129.81","126.19","1.09B","-0.19%"
"Jun 12, 2011","127.05","127.89","129.77","126.32","1.21B","-0.43%"
"Jun 05, 2011","127.60","130.09","130.36","127.26","940.05M","-2.16%"
"May 29, 2011","130.42","134.77","134.92","130.08","832.98M","-2.31%"
"May 22, 2011","133.51","131.98","133.87","131.38","753.01M","-0.07%"
"May 15, 2011","133.61","133.56","135.03","132.12","772.07M","-0.32%"
"May 08, 2011","134.04","134.19","136.11","133.39","751.91M","-0.12%"
"May 01, 2011","134.20","137.07","137.18","133.02","897.59M","-1.63%"
"Apr 24, 2011","136.43","133.68","136.57","133.20","595.48M","1.98%"
"Apr 17, 2011","133.78","130.59","133.84","129.51","627.92M","1.32%"
"Apr 10, 2011","132.04","133.00","133.45","130.27","776.59M","-0.62%"
"Apr 03, 2011","132.86","133.43","134.00","132.31","661.30M","-0.22%"
"Mar 27, 2011","133.15","131.58","133.77","130.44","662.37M","1.41%"
"Mar 20, 2011","131.30","129.35","131.87","128.32","747.47M","2.77%"
"Mar 13, 2011","127.76","129.99","130.48","125.28","1.55B","-2.35%"
"Mar 06, 2011","130.84","132.86","133.16","129.49","1.07B","-1.23%"
"Feb 27, 2011","132.47","132.82","133.69","130.35","1.05B","0.11%"
"Feb 20, 2011","132.33","133.12","134.56","129.70","862.89M","-1.64%"
"Feb 13, 2011","134.53","133.03","134.69","132.32","591.26M","1.07%"
"Feb 06, 2011","133.11","131.44","133.28","131.30","658.37M","1.49%"
"Jan 30, 2011","131.15","128.07","131.20","127.75","715.29M","2.69%"
"Jan 23, 2011","127.72","128.28","130.35","127.51","841.49M","-0.51%"
"Jan 16, 2011","128.37","129.18","129.64","127.13","593.57M","-0.72%"
"Jan 09, 2011","129.30","126.58","129.33","126.20","587.52M","1.70%"
"Jan 02, 2011","127.14","126.71","127.83","125.70","688.66M","1.11%"
"Dec 26, 2010","125.75","125.13","126.20","125.04","339.36M","0.12%"
"Dec 19, 2010","125.60","124.64","125.82","123.98","363.01M","1.05%"
"Dec 12, 2010","124.30","125.05","125.23","123.75","768.00M","-0.14%"
"Dec 05, 2010","124.48","122.63","124.60","122.41","688.93M","1.29%"
"Nov 28, 2010","122.89","118.50","123.03","117.74","1.02B","3.02%"
"Nov 21, 2010","119.29","119.69","120.24","117.99","620.07M","-0.83%"
"Nov 14, 2010","120.29","120.58","121.05","117.59","991.16M","0.07%"
"Nov 07, 2010","120.20","122.34","122.95","119.65","961.00M","-2.05%"
"Oct 31, 2010","122.72","119.07","122.92","117.85","954.82M","3.57%"
"Oct 24, 2010","118.49","119.14","119.76","117.26","813.03M","0.12%"
"Oct 17, 2010","118.35","117.74","119.09","116.02","951.92M","0.55%"
"Oct 10, 2010","117.70","116.72","118.55","115.65","941.12M","1.00%"
"Oct 03, 2010","116.54","114.37","116.86","113.18","887.03M","1.68%"
"Sep 26, 2010","114.61","114.86","115.79","113.18","979.42M","-0.18%"
"Sep 19, 2010","114.82","112.88","114.90","112.18","1.09B","2.07%"
"Sep 12, 2010","112.49","112.58","113.29","111.98","952.74M","0.91%"
"Sep 05, 2010","111.48","110.37","111.68","109.55","567.08M","0.53%"
"Aug 29, 2010","110.89","106.58","110.99","104.49","1.08B","3.77%"
"Aug 22, 2010","106.86","108.04","108.57","104.29","1.21B","-0.62%"
"Aug 15, 2010","107.53","107.57","110.39","106.75","978.65M","-0.72%"
"Aug 08, 2010","108.31","112.92","113.18","107.60","1.04B","-3.63%"
"Aug 01, 2010","112.39","111.99","113.11","110.92","873.29M","1.92%"
"Jul 25, 2010","110.27","110.60","112.29","108.98","990.26M","-0.13%"
"Jul 18, 2010","110.41","107.05","110.57","105.82","1.21B","3.52%"
"Jul 11, 2010","106.66","107.60","110.09","106.45","1.04B","-1.20%"
"Jul 04, 2010","107.96","103.64","107.97","101.88","866.55M","5.64%"
"Jun 27, 2010","102.20","108.03","108.32","101.13","1.44B","-5.26%"
"Jun 20, 2010","107.87","113.12","113.20","106.77","1.21B","-3.45%"
"Jun 13, 2010","111.73","110.52","112.42","109.40","1.10B","1.87%"
"Jun 06, 2010","109.68","107.20","109.75","104.65","1.42B","2.68%"
"May 30, 2010","106.82","108.35","111.06","106.47","1.14B","-2.33%"
"May 23, 2010","109.37","108.52","110.80","104.38","1.61B","0.24%"
"May 16, 2010","109.11","114.20","115.22","105.36","2.11B","-4.20%"
"May 09, 2010","113.89","115.81","117.68","112.87","1.53B","2.36%"
"May 02, 2010","111.26","119.38","120.68","105.00","2.16B","-6.35%"
"Apr 25, 2010","118.81","121.85","122.12","118.25","1.26B","-2.46%"
"Apr 18, 2010","121.81","119.01","121.86","118.47","985.09M","2.05%"
"Apr 11, 2010","119.36","119.70","121.56","118.75","908.51M","-0.16%"
"Apr 04, 2010","119.55","118.25","119.60","117.60","692.52M","1.49%"
"Mar 28, 2010","117.80","117.17","118.25","116.61","602.58M","1.05%"
"Mar 21, 2010","116.58","115.31","118.17","115.24","992.81M","0.53%"
"Mar 14, 2010","115.97","115.26","117.48","114.60","916.11M","0.44%"
"Mar 07, 2010","115.46","114.26","115.97","113.87","778.23M","1.06%"
"Feb 28, 2010","114.25","111.20","114.34","111.17","771.38M","3.17%"
"Feb 21, 2010","110.74","111.55","111.58","108.94","949.42M","-0.36%"
"Feb 14, 2010","111.14","108.86","111.57","107.82","744.56M","2.87%"
"Feb 07, 2010","108.04","106.74","108.25","105.81","1.33B","1.29%"
"Jan 31, 2010","106.66","108.15","110.59","104.58","1.43B","-0.68%"
"Jan 24, 2010","107.39","110.21","110.47","107.22","1.30B","-1.67%"
"Jan 17, 2010","109.21","113.62","115.13","109.09","1.05B","-3.90%"
"Jan 10, 2010","113.64","115.08","115.14","113.20","759.60M","-0.81%"
"Jan 03, 2010","114.57","112.37","114.62","111.51","604.09M","2.81%"
"Dec 27, 2009","111.44","112.90","113.03","111.39","331.86M","-0.92%"
"Dec 20, 2009","112.48","110.76","112.60","110.76","361.27M","2.06%"
"Dec 13, 2009","110.21","111.87","112.13","105.48","740.89M","-0.81%"
"Dec 06, 2009","111.11","110.91","111.53","109.02","715.77M","0.09%"
"Nov 29, 2009","111.01","109.48","112.38","108.12","895.04M","1.31%"
"Nov 22, 2009","109.57","110.72","111.74","108.29","522.00M","0.13%"
"Nov 15, 2009","109.43","110.38","111.69","109.01","857.47M","-0.17%"
"Nov 08, 2009","109.62","107.95","110.82","107.87","808.97M","2.32%"
"Nov 01, 2009","107.13","104.13","107.40","103.08","1.08B","3.45%"
"Oct 25, 2009","103.56","108.20","109.31","103.44","1.27B","-4.18%"
"Oct 18, 2009","108.08","109.07","110.31","107.50","1.04B","-0.74%"
"Oct 11, 2009","108.89","107.76","109.71","106.76","833.09M","1.52%"
"Oct 04, 2009","107.26","102.90","107.26","102.60","829.88M","4.65%"
"Sep 27, 2009","102.49","104.85","107.02","101.99","1.01B","-1.88%"
"Sep 20, 2009","104.45","105.89","108.03","104.09","953.66M","-2.13%"
"Sep 13, 2009","106.72","103.88","108.06","103.15","935.77M","1.86%"
"Sep 06, 2009","104.77","103.00","105.30","102.39","602.81M","2.66%"
"Aug 30, 2009","102.06","102.37","103.24","99.57","955.39M","-1.28%"
"Aug 23, 2009","103.38","103.39","104.35","101.94","944.46M","0.40%"
"Aug 16, 2009","102.97","98.85","103.13","98.11","1.00B","2.16%"
"Aug 09, 2009","100.79","100.74","101.61","99.46","883.39M","-0.41%"
"Aug 02, 2009","101.20","99.85","102.03","99.31","951.11M","2.42%"
"Jul 26, 2009","98.81","97.88","99.83","96.98","973.28M","0.76%"
"Jul 19, 2009","98.06","94.68","98.14","94.19","990.76M","4.18%"
"Jul 12, 2009","94.13","88.31","94.51","87.59","989.58M","7.01%"
"Jul 05, 2009","87.96","88.94","89.93","87.00","956.94M","-2.06%"
"Jun 28, 2009","89.81","92.11","93.23","89.76","782.72M","-2.21%"
"Jun 21, 2009","91.84","91.14","92.24","88.85","1.10B","-0.22%"
"Jun 14, 2009","92.04","93.96","94.02","90.83","1.10B","-3.20%"
"Jun 07, 2009","95.08","93.84","96.11","93.04","1.22B","0.56%"
"May 31, 2009","94.55","93.67","95.67","87.53","1.24B","2.18%"
"May 24, 2009","92.53","88.36","93.70","88.32","1.03B","3.94%"
"May 17, 2009","89.02","89.55","92.80","88.26","1.16B","0.35%"
"May 10, 2009","88.71","91.70","92.11","88.15","1.33B","-4.59%"
"May 03, 2009","92.98","88.55","93.22","88.38","1.44B","5.79%"
"Apr 26, 2009","87.89","85.68","89.02","84.76","1.39B","1.42%"
"Apr 19, 2009","86.66","85.54","87.31","82.75","1.55B","-0.48%"
"Apr 12, 2009","87.08","84.92","87.65","83.61","1.35B","1.48%"
"Apr 05, 2009","85.81","83.34","85.82","81.51","1.02B","1.84%"
"Mar 29, 2009","84.26","79.80","84.61","77.96","1.83B","3.25%"
"Mar 22, 2009","81.61","78.74","83.30","78.31","1.93B","6.39%"
"Mar 15, 2009","76.71","76.96","81.00","75.45","1.99B","0.81%"
"Mar 08, 2009","76.09","67.95","76.98","67.73","1.89B","10.40%"
"Mar 01, 2009","68.92","72.52","73.92","67.10","2.31B","-6.78%"
"Feb 22, 2009","73.93","78.27","79.67","73.81","2.10B","-4.51%"
"Feb 15, 2009","77.42","80.16","82.96","75.77","1.64B","-6.45%"
"Feb 08, 2009","82.76","86.96","87.74","81.05","1.86B","-4.85%"
"Feb 01, 2009","86.98","81.57","87.34","77.73","1.67B","5.01%"
"Jan 25, 2009","82.83","83.59","87.95","82.21","1.60B","-0.34%"
"Jan 18, 2009","83.11","84.23","85.06","80.05","1.60B","-2.29%"
"Jan 11, 2009","85.06","88.84","88.91","81.72","2.00B","-4.52%"
"Jan 04, 2009","89.09","92.63","94.55","85.36","1.45B","-4.16%"
"Dec 28, 2008","92.96","87.24","93.44","85.60","718.76M","6.65%"
"Dec 21, 2008","87.16","88.58","88.67","85.49","602.88M","-1.17%"
"Dec 14, 2008","88.19","89.02","92.43","86.29","1.60B","-0.90%"
"Dec 07, 2008","88.99","90.34","92.38","85.20","1.96B","1.21%"
"Nov 30, 2008","87.93","87.51","88.42","81.86","2.28B","-2.40%"
"Nov 23, 2008","90.09","81.92","90.13","80.36","1.47B","13.29%"
"Nov 16, 2008","79.52","86.38","88.56","74.34","3.03B","-8.20%"
"Nov 09, 2008","86.62","95.21","95.53","82.09","2.47B","-7.71%"
"Nov 02, 2008","93.86","96.78","100.86","90.06","1.80B","-3.07%"
"Oct 26, 2008","96.83","85.97","98.57","83.70","2.40B","11.25%"
"Oct 19, 2008","87.04","95.35","99.10","84.00","2.37B","-6.62%"
"Oct 12, 2008","93.21","93.87","105.53","86.54","2.67B","5.32%"
"Oct 05, 2008","88.50","107.15","107.62","83.58","3.28B","-19.79%"
"Sep 28, 2008","110.34","119.18","121.18","109.68","1.95B","-8.70%"
"Sep 21, 2008","120.85","124.45","124.75","117.79","1.50B","-2.63%"
"Sep 14, 2008","124.12","121.63","128.00","113.80","2.97B","-1.56%"
"Sep 07, 2008","126.09","128.04","128.24","121.60","1.71B","1.34%"
"Aug 31, 2008","124.42","130.03","130.71","122.00","1.13B","-3.39%"
"Aug 24, 2008","128.79","128.80","130.34","126.58","858.83M","-0.66%"
"Aug 17, 2008","129.65","130.43","130.48","126.34","940.77M","-0.40%"
"Aug 10, 2008","130.17","129.47","131.51","127.67","1.14B","0.62%"
"Aug 03, 2008","129.37","126.04","129.93","124.76","1.16B","2.54%"
"Jul 27, 2008","126.16","125.51","128.60","123.42","1.35B","0.54%"
"Jul 20, 2008","125.48","126.51","129.15","124.85","1.30B","-0.40%"
"Jul 13, 2008","125.98","125.26","126.42","120.02","1.84B","1.73%"
"Jul 06, 2008","123.84","126.79","127.74","122.49","2.00B","-1.96%"
"Jun 29, 2008","126.31","127.89","129.16","124.99","1.18B","-0.96%"
"Jun 22, 2008","127.53","132.09","133.40","127.03","1.32B","-3.08%"
"Jun 15, 2008","131.58","135.55","137.12","131.22","1.24B","-3.36%"
"Jun 08, 2008","136.15","136.86","137.50","133.52","1.27B","-0.10%"
"Jun 01, 2008","136.29","139.83","140.89","136.22","1.32B","-2.89%"
"May 25, 2008","140.35","137.80","140.93","137.53","640.90M","1.97%"
"May 18, 2008","137.64","142.81","144.30","137.52","949.24M","-3.52%"
"May 11, 2008","142.66","139.25","142.87","138.73","863.13M","2.71%"
"May 04, 2008","138.90","141.05","142.20","138.45","828.03M","-1.84%"
"Apr 27, 2008","141.51","139.88","142.37","138.26","808.39M","1.37%"
"Apr 20, 2008","139.60","138.23","139.89","136.64","894.23M","0.81%"
"Apr 13, 2008","138.48","133.19","139.56","132.33","920.42M","3.82%"
"Apr 06, 2008","133.38","137.87","138.57","133.01","914.87M","-2.56%"
"Mar 30, 2008","136.89","131.29","137.96","131.09","1.01B","4.09%"
"Mar 23, 2008","131.51","133.31","135.81","131.06","1.01B","-0.43%"
"Mar 16, 2008","132.08","126.57","134.65","126.07","1.33B","1.91%"
"Mar 09, 2008","129.61","129.81","133.77","127.59","1.64B","-0.08%"
"Mar 02, 2008","129.71","133.14","134.77","128.58","1.32B","-3.07%"
"Feb 24, 2008","133.82","135.54","139.14","132.78","994.47M","-1.33%"
"Feb 17, 2008","135.62","136.69","137.60","132.86","772.44M","0.36%"
"Feb 10, 2008","135.14","133.10","137.10","132.04","996.52M","1.56%"
"Feb 03, 2008","133.07","139.21","139.30","131.73","1.18B","-4.66%"
"Jan 27, 2008","139.58","133.26","139.61","132.06","1.27B","4.92%"
"Jan 20, 2008","133.04","127.21","136.76","126.00","1.48B","0.74%"
"Jan 13, 2008","132.06","141.16","141.86","131.10","1.54B","-5.77%"
"Jan 06, 2008","140.15","141.81","142.90","137.70","1.47B","-0.82%"
"Dec 30, 2007","141.31","147.10","147.61","140.91","670.53M","-4.07%"
"Dec 23, 2007","147.30","148.82","149.68","146.90","352.10M","-0.56%"
"Dec 16, 2007","148.13","146.61","148.42","143.96","982.66M","0.65%"
"Dec 09, 2007","147.17","151.28","152.89","147.10","1.09B","-2.48%"
"Dec 02, 2007","150.91","148.19","151.50","146.31","757.62M","1.51%"
"Nov 25, 2007","148.66","144.43","149.87","140.66","1.19B","3.14%"
"Nov 18, 2007","144.13","145.28","145.53","141.67","1.02B","-1.14%"
"Nov 11, 2007","145.79","145.21","149.40","143.70","1.24B","0.45%"
"Nov 04, 2007","145.14","149.64","152.11","144.89","1.36B","-4.01%"
"Oct 28, 2007","151.20","153.93","155.27","149.21","1.13B","-1.58%"
"Oct 21, 2007","153.62","148.86","153.62","148.00","1.18B","2.64%"
"Oct 14, 2007","149.67","156.27","156.48","149.66","989.99M","-4.26%"
"Oct 07, 2007","156.33","155.39","157.52","154.54","625.12M","0.31%"
"Sep 30, 2007","155.85","152.60","156.10","152.50","591.65M","2.14%"
"Sep 23, 2007","152.58","152.42","153.19","150.47","653.42M","0.40%"
"Sep 16, 2007","151.97","148.31","154.39","147.63","884.06M","2.06%"
"Sep 09, 2007","148.90","146.52","149.45","144.33","780.04M","1.94%"
"Sep 02, 2007","146.07","147.45","149.98","145.26","649.65M","-1.03%"
"Aug 26, 2007","147.59","147.85","148.50","143.46","917.76M","-0.50%"
"Aug 19, 2007","148.33","145.17","148.33","143.29","850.36M","2.50%"
"Aug 12, 2007","144.71","146.50","146.89","137.00","1.70B","0.00%"
"Aug 05, 2007","144.71","144.21","150.59","142.53","1.65B","0.63%"
"Jul 29, 2007","143.80","145.93","149.46","143.20","1.72B","-0.90%"
"Jul 22, 2007","145.11","154.18","154.72","145.05","1.53B","-5.47%"
"Jul 15, 2007","153.50","154.99","156.00","152.29","853.23M","-0.87%"
"Jul 08, 2007","154.85","153.16","155.46","150.52","674.00M","1.22%"
"Jul 01, 2007","152.98","150.87","153.17","150.77","327.79M","1.70%"
"Jun 24, 2007","150.43","150.24","151.65","148.06","1.00B","-0.08%"
"Jun 17, 2007","150.55","153.38","153.58","149.85","787.45M","-1.65%"
"Jun 10, 2007","153.07","150.93","153.66","149.55","832.79M","1.34%"
"Jun 03, 2007","151.04","153.54","154.39","149.06","779.73M","-1.97%"
"May 27, 2007","154.08","151.94","154.40","151.34","438.85M","1.58%"
"May 20, 2007","151.69","152.58","153.50","150.74","662.04M","-0.61%"
"May 13, 2007","152.62","150.86","152.62","149.79","604.45M","1.17%"
"May 06, 2007","150.86","150.88","152.82","149.27","515.30M","-0.04%"
"Apr 29, 2007","150.92","149.64","151.12","147.67","506.94M","0.93%"
"Apr 22, 2007","149.53","148.37","149.80","147.32","498.19M","0.61%"
"Apr 15, 2007","148.62","145.83","148.62","145.82","507.51M","2.27%"
"Apr 08, 2007","145.32","144.65","145.32","143.34","416.00M","0.75%"
"Apr 01, 2007","144.24","142.16","144.44","140.89","272.86M","1.58%"
"Mar 25, 2007","142.00","143.50","143.65","140.56","635.09M","-0.97%"
"Mar 18, 2007","143.39","139.26","143.81","138.55","526.45M","3.51%"
"Mar 11, 2007","138.53","140.42","141.34","136.75","757.35M","-1.60%"
"Mar 04, 2007","140.78","137.93","141.42","137.33","629.03M","1.52%"
"Feb 25, 2007","138.67","145.83","145.95","138.05","898.09M","-4.56%"
"Feb 18, 2007","145.30","145.56","146.42","144.06","271.99M","-0.30%"
"Feb 11, 2007","145.73","143.94","145.95","143.19","274.41M","1.24%"
"Feb 04, 2007","143.94","144.70","145.36","143.39","308.27M","-0.60%"
"Jan 28, 2007","144.81","142.19","144.95","141.74","347.47M","1.86%"
"Jan 21, 2007","142.16","143.07","143.98","141.58","320.38M","-0.46%"
"Jan 14, 2007","142.82","143.07","143.46","142.31","221.84M","-0.29%"
"Jan 07, 2007","143.24","140.82","143.24","140.25","333.07M","1.92%"
"Dec 31, 2006","140.54","142.25","142.86","140.38","241.18M","-0.76%"
"Dec 24, 2006","141.62","140.81","142.70","140.78","155.19M","0.62%"
"Dec 17, 2006","140.75","142.54","142.88","140.67","266.28M","-1.12%"
"Dec 10, 2006","142.34","141.42","143.24","140.89","308.46M","0.65%"
"Dec 03, 2006","141.42","140.25","142.30","140.23","357.01M","0.86%"
"Nov 26, 2006","140.22","140.28","141.05","138.11","492.92M","-0.09%"
"Nov 19, 2006","140.35","140.30","141.16","139.94","197.07M","-0.05%"
"Nov 12, 2006","140.42","138.18","140.68","138.07","365.77M","1.58%"
"Nov 05, 2006","138.24","136.96","139.14","136.86","359.14M","1.25%"
"Oct 29, 2006","136.54","137.66","138.31","135.62","336.07M","-0.99%"
"Oct 22, 2006","137.91","136.56","139.00","136.39","345.10M","0.78%"
"Oct 15, 2006","136.84","136.52","137.37","135.67","332.68M","0.15%"
"Oct 08, 2006","136.63","134.85","136.71","134.30","314.83M","1.20%"
"Oct 01, 2006","135.01","133.54","135.41","132.34","332.10M","1.07%"
"Sep 24, 2006","133.58","131.73","133.99","131.05","355.35M","1.60%"
"Sep 17, 2006","131.47","131.79","132.77","131.00","386.42M","-0.37%"
"Sep 10, 2006","131.96","129.86","132.45","129.48","335.87M","1.29%"
"Sep 03, 2006","130.28","131.51","131.85","129.35","237.56M","-0.87%"
"Aug 27, 2006","131.42","129.65","131.58","129.64","251.94M","1.24%"
"Aug 20, 2006","129.81","130.18","130.52","129.19","269.35M","-0.67%"
"Aug 13, 2006","130.69","127.63","130.69","126.92","327.33M","2.90%"
"Aug 06, 2006","127.01","127.90","128.60","126.28","332.07M","-0.93%"
"Jul 30, 2006","128.20","127.66","129.43","126.60","339.65M","0.17%"
"Jul 23, 2006","127.98","124.44","128.14","124.44","442.35M","3.25%"
"Jul 16, 2006","123.95","123.50","126.30","122.39","553.47M","0.35%"
"Jul 09, 2006","123.52","126.94","127.43","122.83","423.03M","-2.44%"
"Jul 02, 2006","126.61","127.43","128.01","126.29","226.49M","-0.49%"
"Jun 25, 2006","127.23","124.54","127.66","123.65","335.04M","2.24%"
"Jun 18, 2006","124.44","125.40","125.70","123.55","365.50M","-0.17%"
"Jun 11, 2006","124.65","125.88","126.36","122.34","673.99M","-0.56%"
"Jun 04, 2006","125.35","128.79","128.86","123.87","625.69M","-2.83%"
"May 28, 2006","129.00","127.97","129.43","126.05","324.82M","0.48%"
"May 21, 2006","128.38","126.28","128.38","124.76","513.28M","1.01%"
"May 14, 2006","127.10","128.79","130.00","125.80","503.26M","-1.66%"
"May 07, 2006","129.24","132.51","132.77","129.19","296.69M","-2.48%"
"Apr 30, 2006","132.52","131.47","132.80","130.32","280.47M","0.80%"
"Apr 23, 2006","131.47","130.93","131.75","129.59","384.64M","0.24%"
"Apr 16, 2006","131.15","128.79","131.86","128.02","402.52M","1.90%"
"Apr 09, 2006","128.71","129.71","130.08","128.25","208.48M","-0.64%"
"Apr 02, 2006","129.54","130.07","131.40","129.35","305.16M","-0.22%"
"Mar 26, 2006","129.83","130.03","130.98","129.05","309.66M","-0.29%"
"Mar 19, 2006","130.21","130.64","130.99","129.45","274.65M","-0.31%"
"Mar 12, 2006","130.62","128.84","131.47","128.53","283.41M","1.58%"
"Mar 05, 2006","128.59","129.14","129.18","127.18","303.07M","-0.13%"
"Feb 26, 2006","128.76","129.40","130.07","128.13","293.08M","-0.50%"
"Feb 19, 2006","129.41","129.12","129.65","128.28","169.04M","0.47%"
"Feb 12, 2006","128.81","126.57","129.21","125.95","330.17M","1.71%"
"Feb 05, 2006","126.64","126.44","128.10","125.40","302.71M","0.29%"
"Jan 29, 2006","126.27","128.44","128.81","126.14","340.10M","-1.77%"
"Jan 22, 2006","128.54","126.21","128.66","125.84","345.08M","2.04%"
"Jan 15, 2006","125.97","128.20","128.90","125.97","321.08M","-2.11%"
"Jan 08, 2006","128.68","128.42","129.44","128.20","223.50M","0.19%"
"Jan 01, 2006","128.44","125.10","128.58","124.39","235.85M","3.16%"
"Dec 25, 2005","124.51","126.92","127.05","124.36","152.95M","-1.78%"
"Dec 18, 2005","126.76","126.73","126.87","125.48","207.46M","0.32%"
"Dec 11, 2005","126.36","126.71","128.57","125.96","303.58M","0.02%"
"Dec 04, 2005","126.33","126.64","127.74","125.48","297.50M","-0.41%"
"Nov 27, 2005","126.85","127.25","127.27","125.29","274.66M","-0.22%"
"Nov 20, 2005","127.13","125.15","127.41","124.98","182.59M","1.60%"
"Nov 13, 2005","125.13","123.76","125.76","122.86","293.98M","1.11%"
"Nov 06, 2005","123.76","122.40","123.86","121.75","260.62M","1.35%"
"Oct 30, 2005","122.11","120.29","122.66","120.13","365.90M","1.93%"
"Oct 23, 2005","119.80","118.44","120.54","117.93","373.39M","1.41%"
"Oct 16, 2005","118.13","118.77","119.81","117.12","489.27M","-0.46%"
"Oct 09, 2005","118.67","119.68","119.71","116.88","416.59M","-0.79%"
"Oct 02, 2005","119.61","122.96","123.34","118.17","434.75M","-2.79%"
"Sep 25, 2005","123.04","122.02","123.04","121.02","309.77M","1.32%"
"Sep 18, 2005","121.44","123.47","123.61","120.44","376.87M","-1.67%"
"Sep 11, 2005","123.50","124.45","124.67","122.87","295.80M","-0.88%"
"Sep 04, 2005","124.60","122.66","124.74","122.65","182.22M","1.91%"
"Aug 28, 2005","122.27","120.41","123.15","120.38","355.79M","1.25%"
"Aug 21, 2005","120.76","122.58","123.23","120.68","303.46M","-1.40%"
"Aug 14, 2005","122.47","123.22","123.87","121.84","264.52M","-0.48%"
"Aug 07, 2005","123.06","123.17","124.50","122.38","282.59M","0.15%"
"Jul 31, 2005","122.88","123.83","124.74","122.67","231.14M","-0.70%"
"Jul 24, 2005","123.74","123.41","124.64","122.37","256.61M","0.16%"
"Jul 17, 2005","123.54","122.50","123.73","122.05","342.71M","0.57%"
"Jul 10, 2005","122.84","121.33","123.44","121.31","264.15M","1.25%"
"Jul 03, 2005","121.32","119.25","121.32","118.26","273.44M","1.50%"
"Jun 26, 2005","119.53","118.97","120.40","118.75","248.93M","0.46%"
"Jun 19, 2005","118.98","121.08","121.94","118.84","250.99M","-1.96%"
"Jun 12, 2005","121.36","119.94","121.90","119.81","237.82M","0.97%"
"Jun 05, 2005","120.20","120.02","121.25","119.44","246.72M","0.04%"
"May 29, 2005","120.15","120.08","120.92","119.40","216.36M","-0.08%"
"May 22, 2005","120.25","119.21","120.25","118.83","218.98M","0.95%"
"May 15, 2005","119.12","115.70","119.41","115.66","298.10M","2.94%"
"May 08, 2005","115.72","117.21","118.08","114.80","392.07M","-1.17%"
"May 01, 2005","117.09","116.07","118.00","115.52","392.39M","1.16%"
"Apr 24, 2005","115.75","115.86","116.77","113.97","391.47M","0.16%"
"Apr 17, 2005","115.57","114.12","116.50","113.55","460.87M","1.24%"
"Apr 10, 2005","114.15","118.29","119.06","114.10","432.20M","-3.26%"
"Apr 03, 2005","118.00","117.36","119.26","116.74","286.52M","0.49%"
"Mar 27, 2005","117.43","117.42","118.99","116.25","345.33M","0.25%"
"Mar 20, 2005","117.14","118.71","118.93","116.75","278.73M","-1.18%"
"Mar 13, 2005","118.54","120.61","121.46","118.15","300.18M","-1.54%"
"Mar 06, 2005","120.39","122.66","123.25","120.16","285.52M","-1.91%"
"Feb 27, 2005","122.73","121.15","122.83","120.04","299.51M","1.07%"
"Feb 20, 2005","121.43","119.90","121.67","118.58","279.65M","0.86%"
"Feb 13, 2005","120.39","120.69","121.46","119.90","236.49M","-0.31%"
"Feb 06, 2005","120.77","120.25","121.04","119.25","240.36M","0.45%"
"Jan 30, 2005","120.23","117.97","120.43","117.71","257.94M","2.38%"
"Jan 23, 2005","117.43","117.09","117.75","116.37","301.83M","0.56%"
"Jan 16, 2005","116.78","118.05","119.62","116.65","247.74M","-1.23%"
"Jan 09, 2005","118.24","118.34","119.46","117.50","292.29M","-0.17%"
"Jan 02, 2005","118.44","121.56","121.76","118.00","295.30M","-2.01%"
"Dec 26, 2004","120.87","121.20","121.66","120.39","126.92M","0.08%"
"Dec 19, 2004","120.77","119.75","121.28","119.17","137.56M","1.11%"
"Dec 12, 2004","119.44","119.76","121.24","119.16","250.05M","0.09%"
"Dec 05, 2004","119.33","119.21","119.64","117.73","237.87M","0.07%"
"Nov 28, 2004","119.25","118.79","120.14","117.48","275.43M","0.76%"
"Nov 21, 2004","118.35","117.17","118.98","117.03","124.77M","0.79%"
"Nov 14, 2004","117.42","118.50","119.14","117.14","216.57M","-1.15%"
"Nov 07, 2004","118.79","116.98","119.00","116.72","218.21M","1.29%"
"Oct 31, 2004","117.28","113.56","117.64","113.20","288.86M","3.60%"
"Oct 24, 2004","113.20","109.75","113.64","109.35","275.73M","2.92%"
"Oct 17, 2004","109.99","110.89","112.23","109.75","259.05M","-1.14%"
"Oct 10, 2004","111.26","112.78","113.07","110.57","244.58M","-1.11%"
"Oct 03, 2004","112.51","114.09","114.68","112.35","204.34M","-1.00%"
"Sep 26, 2004","113.65","111.10","113.65","110.41","221.69M","1.96%"
"Sep 19, 2004","111.46","112.67","113.47","110.95","206.42M","-1.49%"
"Sep 12, 2004","113.15","113.31","113.74","112.68","168.68M","0.08%"
"Sep 05, 2004","113.06","112.54","113.27","112.03","132.62M","0.84%"
"Aug 29, 2004","112.12","111.23","112.82","110.10","197.07M","0.60%"
"Aug 22, 2004","111.45","110.55","111.63","109.85","154.55M","0.88%"
"Aug 15, 2004","110.48","107.14","110.63","107.10","214.65M","3.07%"
"Aug 08, 2004","107.19","107.02","108.41","106.59","238.30M","0.32%"
"Aug 01, 2004","106.85","110.19","111.36","106.62","246.23M","-3.60%"
"Jul 25, 2004","110.84","109.21","110.90","108.21","261.03M","1.73%"
"Jul 18, 2004","108.96","110.75","112.06","108.69","265.44M","-1.58%"
"Jul 11, 2004","110.71","111.52","112.39","110.44","196.06M","-0.91%"
"Jul 04, 2004","111.73","112.37","112.57","111.20","141.47M","-1.02%"
"Jun 27, 2004","112.88","114.53","114.79","112.58","214.73M","-0.84%"
"Jun 20, 2004","113.84","113.75","114.94","112.67","170.14M","0.18%"
"Jun 13, 2004","113.63","113.82","114.44","112.87","159.01M","-0.63%"
"Jun 06, 2004","114.35","113.50","114.92","113.42","123.07M","1.21%"
"May 30, 2004","112.98","112.46","113.58","111.87","152.34M","0.11%"
"May 23, 2004","112.86","110.53","113.03","109.60","197.37M","2.78%"
"May 16, 2004","109.81","108.89","111.18","108.41","225.93M","-0.21%"
"May 09, 2004","110.04","109.44","110.81","108.06","326.26M","0.07%"
"May 02, 2004","109.96","111.37","113.26","109.96","235.36M","-0.90%"
"Apr 25, 2004","110.96","114.50","115.12","110.90","247.64M","-2.97%"
"Apr 18, 2004","114.36","113.57","114.67","111.78","223.50M","0.47%"
"Apr 11, 2004","113.83","114.58","115.30","112.36","250.37M","-0.47%"
"Apr 04, 2004","114.37","114.46","115.41","113.74","151.61M","-0.24%"
"Mar 28, 2004","114.64","111.63","114.84","111.58","227.92M","3.25%"
"Mar 21, 2004","111.03","110.54","111.79","108.85","255.89M","-0.03%"
"Mar 14, 2004","111.06","112.27","113.27","110.84","268.38M","-1.35%"
"Mar 07, 2004","112.58","116.34","116.62","111.10","290.33M","-3.27%"
"Feb 29, 2004","116.38","115.43","116.97","114.92","180.16M","1.18%"
"Feb 22, 2004","115.02","115.22","115.74","113.03","180.52M","0.12%"
"Feb 15, 2004","114.88","115.85","116.60","114.32","150.57M","-0.22%"
"Feb 08, 2004","115.13","114.67","116.39","114.26","168.35M","0.59%"
"Feb 01, 2004","114.45","113.70","114.70","112.78","176.88M","0.85%"
"Jan 25, 2004","113.48","114.44","116.50","112.56","209.86M","-0.83%"
"Jan 18, 2004","114.43","114.53","115.38","113.72","140.51M","0.18%"
"Jan 11, 2004","114.23","112.55","114.31","111.76","188.37M","1.64%"
"Jan 04, 2004","112.39","111.78","113.50","111.59","169.80M","1.04%"
"Dec 28, 2003","111.23","110.10","112.19","109.78","111.72M","1.39%"
"Dec 21, 2003","109.70","108.83","110.08","108.78","68.76M","0.73%"
"Dec 14, 2003","108.90","109.17","109.73","107.48","166.06M","0.70%"
"Dec 07, 2003","108.14","106.74","108.20","105.96","192.68M","1.21%"
"Nov 30, 2003","106.85","106.93","108.08","106.62","178.14M","0.38%"
"Nov 23, 2003","106.45","104.69","106.66","104.68","110.14M","2.15%"
"Nov 16, 2003","104.21","104.91","105.45","103.62","199.12M","-1.19%"
"Nov 09, 2003","105.46","105.74","106.95","104.80","159.30M","-0.14%"
"Nov 02, 2003","105.61","105.75","106.72","104.90","162.85M","0.29%"
"Oct 26, 2003","105.30","103.74","105.97","103.27","163.26M","1.66%"
"Oct 19, 2003","103.58","104.45","105.28","102.18","186.86M","-0.65%"
"Oct 12, 2003","104.26","104.72","105.89","103.98","167.83M","-0.30%"
"Oct 05, 2003","104.57","103.48","105.22","102.91","156.62M","1.14%"
"Sep 28, 2003","103.39","100.30","104.28","99.25","266.84M","3.44%"
"Sep 21, 2003","99.95","102.85","103.29","99.85","207.04M","-3.59%"
"Sep 14, 2003","103.67","102.52","104.70","101.95","156.03M","1.19%"
"Sep 07, 2003","102.45","103.04","103.88","101.35","194.95M","-0.37%"
"Aug 31, 2003","102.83","101.64","103.70","101.05","155.85M","1.37%"
"Aug 24, 2003","101.44","99.71","101.48","98.83","143.72M","1.67%"
"Aug 17, 2003","99.77","99.93","101.82","99.73","182.22M","0.15%"
"Aug 10, 2003","99.62","98.26","99.85","97.84","162.99M","1.36%"
"Aug 03, 2003","98.28","98.31","99.00","96.34","239.39M","-0.23%"
"Jul 27, 2003","98.51","100.37","100.98","98.24","224.87M","-1.72%"
"Jul 20, 2003","100.23","99.45","100.34","97.85","206.96M","0.72%"
"Jul 13, 2003","99.51","101.20","101.90","98.16","230.64M","-0.73%"
"Jul 06, 2003","100.24","99.65","101.40","98.63","191.15M","1.52%"
"Jun 29, 2003","98.74","98.22","99.85","96.43","150.83M","1.11%"
"Jun 22, 2003","97.66","99.45","99.66","96.96","206.22M","-1.79%"
"Jun 15, 2003","99.44","99.96","102.18","99.42","193.92M","-0.12%"
"Jun 08, 2003","99.56","98.77","100.90","97.77","191.29M","0.30%"
"Jun 01, 2003","99.26","97.53","101.40","96.67","246.54M","2.38%"
"May 25, 2003","96.95","93.30","97.09","93.18","185.01M","3.40%"
"May 18, 2003","93.76","94.15","94.89","91.60","213.18M","-1.17%"
"May 11, 2003","94.87","93.50","95.45","93.28","190.08M","1.22%"
"May 04, 2003","93.73","93.47","94.38","92.28","195.92M","0.56%"
"Apr 27, 2003","93.21","90.44","93.47","90.30","248.40M","3.30%"
"Apr 20, 2003","90.23","89.86","92.35","88.89","230.18M","0.75%"
"Apr 13, 2003","89.56","87.47","90.07","87.00","176.27M","2.77%"
"Apr 06, 2003","87.15","90.34","90.85","86.54","255.18M","-1.21%"
"Mar 30, 2003","88.22","85.35","88.99","84.40","250.52M","1.74%"
"Mar 23, 2003","86.71","88.02","88.26","85.99","258.30M","-3.30%"
"Mar 16, 2003","89.67","83.46","89.88","83.22","327.83M","6.59%"
"Mar 09, 2003","84.13","82.60","84.77","79.38","287.85M","0.97%"
"Mar 02, 2003","83.32","85.26","85.78","81.43","223.59M","-1.86%"
"Feb 23, 2003","84.90","84.93","85.23","82.22","221.16M","-0.33%"
"Feb 16, 2003","85.18","84.53","85.80","83.46","161.23M","1.22%"
"Feb 09, 2003","84.15","83.47","84.71","81.00","245.96M","0.88%"
"Feb 02, 2003","83.42","86.14","86.82","82.97","235.70M","-3.07%"
"Jan 26, 2003","86.06","85.73","87.18","84.15","264.25M","-0.37%"
"Jan 19, 2003","86.38","90.87","90.92","86.17","209.98M","-4.72%"
"Jan 12, 2003","90.66","93.54","93.86","90.15","177.15M","-2.58%"
"Jan 05, 2003","93.06","91.24","93.64","91.05","191.04M","1.87%"
"Dec 29, 2002","91.35","87.80","91.39","87.11","140.88M","4.54%"
"Dec 22, 2002","87.38","89.59","90.61","87.38","73.29M","-2.90%"
"Dec 15, 2002","89.99","89.82","91.79","88.60","175.65M","0.73%"
"Dec 08, 2002","89.34","91.07","91.62","89.27","180.91M","-2.92%"
"Dec 01, 2002","92.03","95.47","96.05","89.98","235.34M","-2.07%"
"Nov 24, 2002","93.98","93.43","94.95","91.62","133.51M","0.60%"
"Nov 17, 2002","93.42","92.15","94.27","89.76","186.34M","2.21%"
"Nov 10, 2002","91.40","89.52","91.55","87.45","206.45M","1.95%"
"Nov 03, 2002","89.65","91.80","93.07","89.52","241.22M","-0.69%"
"Oct 27, 2002","90.27","91.15","91.29","87.00","234.20M","0.08%"
"Oct 20, 2002","90.20","88.12","90.90","87.57","241.34M","1.76%"
"Oct 13, 2002","88.64","83.20","89.30","83.04","302.87M","5.32%"
"Oct 06, 2002","84.16","80.06","84.73","77.07","371.76M","4.16%"
"Sep 29, 2002","80.80","82.00","85.77","79.58","321.52M","-2.36%"
"Sep 22, 2002","82.75","83.65","85.97","81.85","294.26M","-1.90%"
"Sep 15, 2002","84.35","89.32","91.19","84.05","225.64M","-5.93%"
"Sep 08, 2002","89.67","89.10","93.33","88.25","188.03M","-0.37%"
"Sep 01, 2002","90.00","90.73","91.00","87.50","233.75M","-1.94%"
"Aug 25, 2002","91.78","94.91","96.25","90.81","192.19M","-2.98%"
"Aug 18, 2002","94.60","93.46","97.15","93.10","175.95M","1.48%"
"Aug 11, 2002","93.22","90.00","94.08","88.02","215.11M","2.11%"
"Aug 04, 2002","91.29","86.50","91.94","83.55","246.44M","5.18%"
"Jul 28, 2002","86.79","87.51","91.55","85.62","264.20M","1.39%"
"Jul 21, 2002","85.60","84.11","85.93","77.68","388.20M","1.05%"
"Jul 14, 2002","84.71","91.64","93.30","84.30","290.07M","-7.77%"
"Jul 07, 2002","91.85","98.98","99.70","90.32","196.86M","-7.51%"
"Jun 30, 2002","99.31","99.19","99.80","93.73","104.09M","0.35%"
"Jun 23, 2002","98.96","98.61","100.89","95.19","168.44M","-0.32%"
"Jun 16, 2002","99.28","101.92","105.03","98.69","118.01M","-2.09%"
"Jun 09, 2002","101.40","103.24","104.54","98.50","130.35M","-1.88%"
"Jun 02, 2002","103.34","107.09","107.60","101.72","119.05M","-3.62%"
"May 26, 2002","107.22","109.05","109.13","105.90","77.06M","-1.35%"
"May 19, 2002","108.69","110.64","110.69","108.00","72.32M","-1.99%"
"May 12, 2002","110.90","106.22","111.25","105.80","134.37M","4.90%"
"May 05, 2002","105.72","107.65","109.36","104.90","111.05M","-1.73%"
"Apr 28, 2002","107.58","107.93","109.91","106.63","95.64M","0.18%"
"Apr 21, 2002","107.39","112.38","112.43","107.29","95.03M","-4.86%"
"Apr 14, 2002","112.88","111.62","113.67","110.20","81.25M","1.31%"
"Apr 07, 2002","111.42","111.32","113.54","110.50","89.21M","-1.13%"
"Mar 31, 2002","112.69","114.23","115.10","112.16","101.94M","-1.60%"
"Mar 24, 2002","114.52","115.09","115.77","113.30","74.02M","-0.45%"
"Mar 17, 2002","115.04","117.10","117.74","114.12","94.72M","-1.38%"
"Mar 10, 2002","116.65","116.89","117.90","115.63","82.35M","-0.29%"
"Mar 03, 2002","116.99","113.90","117.91","113.65","109.35M","2.86%"
"Feb 24, 2002","113.74","109.75","113.85","109.70","118.36M","3.74%"
"Feb 17, 2002","109.64","110.15","110.63","107.82","98.11M","-1.13%"
"Feb 10, 2002","110.89","110.05","112.97","109.82","88.38M","0.73%"
"Feb 03, 2002","110.09","112.23","112.23","108.00","130.26M","-2.27%"
"Jan 27, 2002","112.65","113.90","114.19","108.40","108.79M","-0.79%"
"Jan 20, 2002","113.55","113.75","114.25","112.02","49.10M","0.35%"